{
  "h": 0.005025,
  "eps": 0.0001,
  "time": 3.173895,
  "N": 200,
  "iters": 28617,
  "thr_n": 8,
  "x_y": [0.0, 0.0],
  "max_init": 941,
  "side_l": 1.0,
  "spec_info": "",
  "bs": 64,
  "max_err": 0.44,
  "aver_err": 0.18,
  "std_err": 0.13
}
