{
  "h": 0.001001,
  "eps": 0.01,
  "time": 51.470402,
  "N": 1000,
  "iters": 52269,
  "thr_n": 8,
  "x_y": [0.0, 0.0],
  "max_init": 147,
  "side_l": 1.0,
  "spec_info": "",
  "bs": 64,
  "max_err": 591.09,
  "aver_err": 212.2,
  "std_err": 170.55
}
