{
  "h": 0.002004,
  "eps": 0.1,
  "time": 0.006525,
  "N": 500,
  "iters": 2,
  "thr_n": 8,
  "x_y": [0.0, 0.0],
  "max_init": 749498997995821,
  "side_l": 1.0,
  "spec_info": "",
  "bs": 64
}
