{
  "h": 0.111111,
  "eps": 0.1,
  "time": 0.000769,
  "N": 10,
  "iters": 61,
  "thr_n": 8,
  "x_y": [0.0, 0.0],
  "side_l": 1.0,
  "bs": 64,
  "max_err": 0.67,
  "aver_err": 0.21
}
