{
  "h": 0.001001,
  "time": 184.988084,
  "iters": 215431,
  "thr_n": 8,
  "x_y": [0.0, 0.0],
  "max_init": 147,
  "side_l": 1.0,
  "spec_info": "",
  "bs": 64,
  "N": 1000,
  "eps": 0.001,
  "max_err": 99.79,
  "aver_err": 40.26,
  "std_err": 29.23
}
