{
  "h": 0.012658,
  "eps": 0.0000000000001,
  "time": 0.502295,
  "N": 80,
  "iters": 16515,
  "thr_n": 8,
  "x_y": [0.0, 0.0],
  "max_init": 0,
  "side_l": 1.0,
  "spec_info": "",
  "bs": 64,
  "max_err": 0.32,
  "aver_err": 0.15,
  "std_err": 0.07
}
