{
  "h": 0.005025,
  "eps": 0.001,
  "time": 2.275482,
  "N": 200,
  "iters": 19373,
  "thr_n": 8,
  "x_y": [0.0, 0.0],
  "max_init": 941,
  "side_l": 1.0,
  "spec_info": "",
  "bs": 64,
  "max_err": 4.45,
  "aver_err": 1.79,
  "std_err": 1.31
}
