{"h": 0.000667, "eps": 0.1, "time": 21.179362, "N": 1500, "iters": 8924, "thr_n": 8, "x_y": [0.0, 0.0], "max_init": 11, "side_l": 1.0, "spec_info": "", "bs": 64, "max_err": 1823.63, "aver_err": 549.58, "std_err": 455.86}