{
  "h": 0.005025,
  "eps": 0.1,
  "time": 0.530173,
  "N": 200,
  "iters": 3491,
  "thr_n": 8,
  "x_y": [0.0, 0.0],
  "max_init": 941,
  "side_l": 1.0,
  "spec_info": "",
  "bs": 64,
  "max_err": 280.88,
  "aver_err": 94.08,
  "std_err": 81.84
}
