{
  "h": 0.002004,
  "eps": 0.1,
  "time": 2.387638,
  "N": 500,
  "iters": 6810,
  "thr_n": 8,
  "x_y": [0.0, 0.0],
  "side_l": 1.0,
  "bs": 64,
  "max_err": 943.24,
  "aver_err": 335.14
}
