{"h": 0.000667, "eps": 0.1, "time": 21.267486, "N": 1500, "iters": 9011, "thr_n": 8, "x_y": [0.0, 0.0], "side_l": 1.0, "bs": 64, "max_err": 1824.34, "aver_err": 552.8}