{
  "h": 0.001001,
  "eps": 0.5,
  "time": 2.002303,
  "N": 1000,
  "iters": 1915,
  "thr_n": 8,
  "x_y": [0.0, 0.0],
  "max_init": 147,
  "side_l": 1.0,
  "spec_info": "",
  "bs": 64,
  "max_err": 2032.29,
  "aver_err": 551.56,
  "std_err": 493.21
}
